{"cameraMode":{"drawMode":0,"name":"Shaded","section":"Shading Mode"},"sceneLighting":false,"audioPlay":false,"sceneViewState":{"m_AlwaysRefresh":false,"showFog":true,"showSkybox":false,"showFlares":true,"showImageEffects":true,"showParticleSystems":true,"showVisualEffectGraphs":true,"m_FxEnabled":true},"in2DMode":false,"pivot":{"x":11.415990829467774,"y":11.414798736572266,"z":-1.5554676055908204},"rotation":{"x":0.13618740439414979,"y":0.05346545949578285,"z":-0.007364329416304827,"w":0.9892227649688721},"size":16.589353561401368,"orthographic":false}